City_ID,City,Country,Lat,Lng,Max Temp,Humidity,Cloudiness,Wind Speed,Current Description
0,Hermanus,ZA,-34.4187,19.2345,63.9,83,100,7.67,overcast clouds
1,Georgetown,MY,5.4112,100.3354,79.9,86,20,1.01,few clouds
2,Upernavik,GL,72.7868,-56.1549,3.47,96,100,9.15,overcast clouds
3,Tasiilaq,GL,65.6145,-37.6368,33.96,95,100,27.02,light rain
4,New Norfolk,AU,-42.7826,147.0587,63.66,68,11,1.52,few clouds
5,Rikitea,PF,-23.1203,-134.9692,77.7,79,46,11.43,light rain
6,Busselton,AU,-33.65,115.3333,47.08,73,43,4.97,scattered clouds
7,Gondanglegi,ID,-7.7479,112.0132,75.76,85,23,6.93,few clouds
8,Laguna,US,38.421,-121.4238,55.99,91,90,4.0,moderate rain
9,Bredasdorp,ZA,-34.5322,20.0403,61.29,82,100,6.55,overcast clouds
10,Fort William,GB,56.8165,-5.1121,41.79,94,90,5.32,overcast clouds
11,Parthenay,FR,46.6667,-0.4167,42.96,82,33,2.71,scattered clouds
12,Mahebourg,MU,-20.4081,57.7,75.49,83,75,3.44,light rain
13,Gizo,SB,-8.103,156.8419,83.68,75,91,8.14,light rain
14,Nsanje,MW,-16.92,35.262,81.0,61,1,5.1,clear sky
15,Ushuaia,AR,-54.8,-68.3,49.62,57,75,23.02,light intensity drizzle
16,Port Alfred,ZA,-33.5906,26.891,69.53,92,98,17.29,overcast clouds
17,Sitka,US,57.0531,-135.33,30.09,69,1,3.44,clear sky
18,Charters Towers,AU,-20.1,146.2667,76.05,66,23,7.09,few clouds
19,Butaritari,KI,3.0707,172.7902,81.12,74,100,18.05,overcast clouds
20,Hithadhoo,MV,-0.6,73.0833,82.04,74,100,13.67,overcast clouds
21,Moerai,PF,-22.4333,-151.3333,78.98,69,100,8.12,overcast clouds
22,Tuktoyaktuk,CA,69.4541,-133.0374,-14.8,76,20,8.05,few clouds
23,Qaanaaq,GL,77.484,-69.3632,7.21,75,99,4.14,overcast clouds
24,Mount Gambier,AU,-37.8333,140.7667,44.51,93,75,0.0,broken clouds
25,Chokurdakh,RU,70.6333,147.9167,-25.33,93,100,7.92,overcast clouds
26,Khatanga,RU,71.9667,102.5,-8.59,97,100,19.84,light snow
27,Severo-Kurilsk,RU,50.6789,156.125,31.59,92,100,20.07,snow
28,Rio Gallegos,AR,-51.6226,-69.2181,53.65,50,75,18.41,broken clouds
29,Mandalgovi,MN,45.7625,106.2708,13.03,43,10,9.01,clear sky
30,Narsaq,GL,60.9167,-46.05,37.62,73,100,6.11,overcast clouds
31,Esperance,AU,-33.8667,121.9,53.44,68,33,4.9,scattered clouds
32,Cayenne,GF,4.9333,-52.3333,81.09,86,75,4.0,broken clouds
33,Poltavka,RU,54.3663,71.7632,-0.44,100,88,4.92,overcast clouds
34,Barrow,US,71.2906,-156.7887,-29.18,98,1,10.36,clear sky
35,Mataura,NZ,-46.1927,168.8643,57.47,64,49,3.85,scattered clouds
36,Bluff,NZ,-46.6,168.3333,57.79,76,19,11.32,few clouds
37,Punta Arenas,CL,-53.15,-70.9167,53.71,50,75,18.41,broken clouds
38,Bouna,CI,9.2667,-3.0,81.72,21,11,2.48,few clouds
39,Tighina,MD,46.8306,29.4711,41.27,85,100,12.28,overcast clouds
40,Flinders,AU,-34.5833,150.8552,63.05,89,56,0.09,broken clouds
41,Geraldton,AU,-28.7667,114.6,64.81,63,75,17.27,broken clouds
42,Hobart,AU,-42.8794,147.3294,64.02,83,40,1.99,scattered clouds
43,Kapaa,US,22.0752,-159.319,79.12,78,20,5.01,few clouds
44,Thompson,CA,55.7435,-97.8558,6.96,85,90,8.05,light snow
45,Saint Anthony,US,45.0205,-93.218,41.05,58,1,0.0,clear sky
46,Thinadhoo,MV,0.5333,72.9333,81.37,77,95,11.74,overcast clouds
47,Cap Malheureux,MU,-19.9842,57.6142,75.69,78,6,4.0,clear sky
48,Grindavik,IS,63.8424,-22.4338,37.87,87,75,10.36,broken clouds
49,Valkeala,FI,60.9401,26.7979,32.4,100,90,8.05,light snow
50,San Patricio,US,28.017,-97.5169,73.81,77,100,6.98,overcast clouds
51,Jasper,US,37.2001,-94.3502,68.05,26,20,13.8,few clouds
52,Deputatskiy,RU,69.3,139.9,-29.02,98,100,2.04,overcast clouds
53,Jamestown,US,42.097,-79.2353,47.84,34,1,11.5,clear sky
54,Caluquembe,AO,-13.7833,14.6833,60.33,92,80,1.95,broken clouds
55,Sokol,RU,59.4617,40.1206,29.26,92,100,8.57,overcast clouds
56,Albany,US,42.6001,-73.9662,51.75,40,0,8.41,clear sky
57,Araceli,PH,10.5529,119.9913,81.41,80,46,23.64,scattered clouds
58,Pevek,RU,69.7008,170.3133,-28.89,93,51,1.16,broken clouds
59,Tibu,CO,8.639,-72.7358,85.98,57,37,1.43,scattered clouds
60,Port Blair,IN,11.6667,92.75,78.75,74,100,10.07,overcast clouds
61,Banda Aceh,ID,5.5577,95.3222,77.63,86,46,10.6,scattered clouds
62,Balao,EC,-2.9167,-79.8167,82.31,77,98,7.02,overcast clouds
63,Madimba,TZ,-10.4,40.3333,78.21,82,99,7.38,overcast clouds
64,Cidreira,BR,-30.1811,-50.2056,74.28,88,57,12.06,broken clouds
65,Lebu,CL,-37.6167,-73.65,58.71,69,0,12.75,clear sky
66,Sao Filipe,CV,14.8961,-24.4956,75.29,72,46,8.3,scattered clouds
67,Carnarvon,AU,-24.8667,113.6333,69.87,68,90,20.71,overcast clouds
68,Bambous Virieux,MU,-20.3428,57.7575,75.45,83,75,3.44,light rain
69,Longyearbyen,SJ,78.2186,15.6401,30.04,74,75,6.91,broken clouds
70,Tam Ky,VN,15.5667,108.4833,69.78,87,100,3.76,overcast clouds
71,Aneho,TG,6.2333,1.6,84.4,83,90,13.06,overcast clouds
72,Kahului,US,20.8947,-156.47,79.86,78,20,20.71,few clouds
73,Hambantota,LK,6.1241,81.1185,78.21,81,100,15.57,overcast clouds
74,Hamilton,US,39.1834,-84.5333,54.23,39,1,1.99,clear sky
75,Horta,PT,38.5333,-28.6333,55.04,67,20,11.5,few clouds
76,Siderno,IT,38.2779,16.302,57.83,66,12,11.88,few clouds
77,Poum,NC,-20.2333,164.0167,80.33,92,100,39.71,extreme rain
78,Haines Junction,CA,60.7522,-137.5108,-32.85,75,96,2.3,overcast clouds
79,Havelock,US,34.8791,-76.9013,62.83,63,1,8.05,clear sky
80,Kirakira,SB,-10.4544,161.9205,81.66,86,100,11.77,heavy intensity rain
81,Torbay,CA,47.6666,-52.7314,40.75,79,90,24.16,light rain
82,Rincon,US,32.296,-81.2354,69.76,60,20,3.44,few clouds
83,Bambanglipuro,ID,-7.95,110.2833,60.6,84,89,5.23,overcast clouds
84,Beloyarskiy,RU,63.7119,66.6722,11.1,93,100,7.72,overcast clouds
85,Ribeira Grande,PT,38.5167,-28.7,55.8,67,20,11.5,few clouds
86,Calama,CL,-22.4667,-68.9333,72.09,18,5,26.46,clear sky
87,Maymyo,MM,22.0333,96.4667,54.9,88,11,1.72,few clouds
88,Castro,BR,-24.7911,-50.0119,74.88,63,100,2.01,overcast clouds
89,Arraial Do Cabo,BR,-22.9661,-42.0278,85.96,74,40,4.61,scattered clouds
90,Alyangula,AU,-13.8483,136.4192,76.87,94,100,3.44,overcast clouds
91,Cape Town,ZA,-33.9258,18.4232,65.08,81,20,5.01,few clouds
92,Khorixas,NA,-20.3667,14.9667,74.61,25,36,9.08,scattered clouds
93,Atuona,PF,-9.8,-139.0333,78.57,73,36,19.77,scattered clouds
94,Sakaiminato,JP,35.55,133.2333,35.58,93,20,3.44,few clouds
95,Hilo,US,19.7297,-155.09,80.28,44,90,0.0,moderate rain
96,Maarianhamina,AX,60.0973,19.9348,39.06,87,90,14.97,overcast clouds
97,Coihaique,CL,-45.5752,-72.0662,57.15,41,90,9.22,overcast clouds
98,Dali,CN,25.7,100.1833,42.78,88,2,4.12,clear sky
99,Margate,GB,51.3813,1.3862,50.31,76,100,1.01,overcast clouds
100,Iquitos,PE,-3.7481,-73.2472,91.44,58,75,8.05,broken clouds
101,Lagoa,PT,39.05,-27.9833,58.78,55,100,4.03,overcast clouds
102,Zyryanka,RU,65.75,150.85,-25.71,95,100,12.5,overcast clouds
103,Ostersund,SE,63.1792,14.6357,27.05,100,75,6.91,broken clouds
104,La Libertad,EC,-2.2333,-80.9,76.66,78,90,12.66,overcast clouds
105,Erzin,TR,36.9559,36.2,59.52,48,100,7.54,overcast clouds
106,Semnan,IR,35.5729,53.3971,41.4,52,0,2.26,clear sky
107,Northam,GB,51.0333,-4.2167,54.43,92,100,11.21,overcast clouds
108,Bose,IT,45.4612,8.0137,44.17,72,1,3.2,clear sky
109,Ponta Do Sol,PT,32.6667,-17.1,66.0,82,85,4.79,overcast clouds
110,Vaini,TO,-21.2,-175.2,80.76,83,20,10.36,few clouds
111,San Pedro De Cajas,PE,-11.2511,-75.8617,45.18,86,99,5.23,overcast clouds
112,Taonan,CN,45.3333,122.7833,5.4,94,5,3.6,clear sky
113,Kavieng,PG,-2.5744,150.7967,82.85,78,33,5.48,scattered clouds
114,East London,ZA,-33.0153,27.9116,70.57,83,99,10.87,overcast clouds
115,Fortuna,US,40.5982,-124.1573,46.92,95,40,5.99,scattered clouds
116,Kodiak,US,57.79,-152.4072,11.71,79,1,5.75,clear sky
117,Oksfjord,NO,70.2396,22.3479,34.72,91,16,9.28,few clouds
118,Puerto Leguizamo,CO,-0.1934,-74.7819,92.32,44,67,4.14,broken clouds
119,Kaitangata,NZ,-46.2817,169.8464,59.94,67,92,6.13,overcast clouds
120,Adrar,MR,20.5022,-10.0711,70.16,15,100,10.74,overcast clouds
121,Husavik,IS,66.0449,-17.3389,26.51,80,3,11.95,clear sky
122,Talnakh,RU,69.4865,88.3972,-25.22,89,80,8.59,broken clouds
123,Penjamo,MX,20.4333,-101.7333,77.67,23,6,5.1,clear sky
124,Nikolskoye,RU,59.7035,30.7861,33.69,93,94,7.23,overcast clouds
125,Maun,BW,-19.9833,23.4167,76.96,65,0,3.44,clear sky
126,Yuzhnyy,RU,53.2542,83.6936,3.58,85,75,8.95,light snow
127,Maturin,VE,9.75,-63.1767,77.47,88,94,8.88,overcast clouds
128,Hernani,ES,43.2662,-1.9762,48.7,91,0,1.01,clear sky
129,Dikson,RU,73.5069,80.5464,-3.55,92,100,24.96,overcast clouds
130,Parauna,BR,-16.9478,-50.4486,73.99,88,100,9.04,overcast clouds
131,Victoria,HK,22.2855,114.1577,67.32,81,94,1.99,overcast clouds
132,Port Elizabeth,ZA,-33.918,25.5701,65.1,94,75,13.8,light rain
133,Salinas,US,36.6777,-121.6555,57.52,77,90,23.02,mist
134,Bandarbeyla,SO,9.4942,50.8122,76.53,69,3,21.05,clear sky
135,Srednekolymsk,RU,67.45,153.6833,-19.71,96,100,4.27,overcast clouds
136,Acari,PE,-15.4311,-74.6158,73.94,76,72,9.24,broken clouds
137,Saskylakh,RU,71.9167,114.0833,-15.23,97,100,9.22,overcast clouds
138,Miri,MY,4.4148,114.0089,73.54,100,40,3.44,scattered clouds
139,Gladstone,AU,-23.85,151.25,77.79,73,16,5.75,few clouds
140,Placido De Castro,BR,-10.3353,-67.1856,80.01,96,91,3.47,overcast clouds
141,Elati,GR,39.9801,21.8219,36.43,84,85,3.65,overcast clouds
142,Avarua,CK,-21.2078,-159.775,78.85,83,75,17.27,moderate rain
143,Chara,RU,56.9064,118.2631,-14.26,96,100,0.67,overcast clouds
144,San Quintin,MX,30.4833,-115.95,61.52,66,100,6.67,overcast clouds
145,Lorengau,PG,-2.0226,147.2712,82.26,83,100,7.23,overcast clouds
146,Wagar,SD,16.1525,36.2032,78.71,24,6,5.06,clear sky
147,Waipawa,NZ,-41.4122,175.5153,57.45,98,100,4.32,light rain
148,Yerbogachen,RU,61.2767,108.0108,-45.44,100,54,2.04,broken clouds
149,Bandar-E Lengeh,IR,26.5579,54.8807,72.09,40,78,11.45,broken clouds
150,Samarai,PG,-10.6167,150.6667,83.17,76,82,9.44,broken clouds
151,Hasaki,JP,35.7333,140.8333,30.6,38,23,4.63,few clouds
152,Katsuura,JP,35.1333,140.3,45.19,54,23,4.63,few clouds
153,Constitucion,CL,-35.3333,-72.4167,61.18,62,90,18.01,overcast clouds
154,Termiz,UZ,37.2242,67.2783,41.09,70,75,13.8,broken clouds
155,Balkhash,KZ,46.844,74.9804,19.85,78,18,5.79,few clouds
156,Grand Gaube,MU,-20.0064,57.6608,75.6,78,7,4.0,clear sky
157,Tupik,RU,54.4253,119.9327,-14.93,99,92,2.82,overcast clouds
158,Vallenar,CL,-28.5708,-70.7581,78.67,26,0,11.59,clear sky
159,Cabo San Lucas,MX,22.8909,-109.9124,83.52,65,23,1.01,few clouds
160,Mar Del Plata,AR,-38.0023,-57.5575,68.02,80,0,11.99,clear sky
161,Camabatela,AO,-8.1881,15.375,64.08,97,100,2.06,overcast clouds
162,Latung,PH,5.5,120.8833,82.17,79,81,6.15,broken clouds
163,Abong Mbang,CM,3.9833,13.1833,72.37,51,11,2.42,few clouds
164,Noumea,NC,-22.2763,166.4572,81.0,99,100,8.14,light rain
165,Fairlie,GB,55.756,-4.8556,43.02,86,95,8.57,overcast clouds
166,Markala,ML,13.7021,-6.0659,83.12,16,88,9.17,overcast clouds
167,Biltine,TD,14.5333,20.9167,77.85,18,100,7.38,overcast clouds
168,Vanimo,PG,-2.6741,141.3028,78.53,89,100,2.51,overcast clouds
169,Dunedin,NZ,-45.8742,170.5036,58.8,75,90,3.0,overcast clouds
170,Yellowknife,CA,62.456,-114.3525,-3.48,84,75,3.44,light snow
171,Caravelas,BR,-17.7125,-39.2481,77.29,84,100,8.5,moderate rain
172,Avera,US,33.194,-82.5271,64.44,38,0,2.8,clear sky
173,Lahaina,US,20.8783,-156.6825,79.84,83,53,10.47,broken clouds
174,Belaya Gora,RU,68.5333,146.4167,-24.95,96,100,1.9,overcast clouds
175,Shimoda,JP,34.6667,138.95,51.94,67,100,9.01,overcast clouds
176,Pemba,MZ,-12.974,40.5178,81.3,74,20,11.99,few clouds
177,Hendrina,ZA,-26.1588,29.7153,53.28,96,100,3.87,overcast clouds
178,Buala,SB,-8.145,159.5921,82.58,82,98,9.46,moderate rain
179,Iki-Burul,RU,45.8208,44.6472,30.54,89,54,19.35,broken clouds
180,Leirvik,NO,59.7798,5.5005,46.51,87,66,10.94,broken clouds
181,Luderitz,NA,-26.6481,15.1594,63.37,81,0,19.75,clear sky
182,Tiarei,PF,-17.5333,-149.3333,86.02,75,91,10.65,light rain
183,Storm Lake,US,42.6411,-95.2097,40.69,81,1,9.22,clear sky
184,Westport,US,41.1415,-73.3579,53.91,48,1,4.0,clear sky
185,Port Macquarie,AU,-31.4333,152.9167,67.89,74,24,9.51,few clouds
186,Gaogou,CN,34.0175,119.1886,35.49,53,3,6.96,clear sky
187,La Carolina,ES,38.2756,-3.6153,51.73,54,0,5.03,clear sky
188,Unai,BR,-16.3575,-46.9061,74.34,91,98,3.8,overcast clouds
189,Tampin,MY,2.4701,102.2302,76.53,96,98,3.98,overcast clouds
190,Beyneu,KZ,45.3167,55.2,22.24,64,0,9.42,clear sky
191,Isangel,VU,-19.55,169.2667,82.51,83,75,13.8,broken clouds
192,Ballina,AU,-28.8667,153.5667,66.78,88,32,9.22,scattered clouds
193,Udachnyy,RU,66.4167,112.4,-51.86,100,68,3.31,broken clouds
194,Pangnirtung,CA,66.1451,-65.7125,5.0,66,75,5.75,broken clouds
195,Hoyanger,NO,61.2204,6.0749,42.49,99,100,9.51,overcast clouds
196,Baykit,RU,61.67,96.37,-27.27,99,88,2.46,overcast clouds
197,Atambua,ID,-9.1061,124.8925,74.26,89,6,1.83,clear sky
198,Zheleznodorozhnyy,RU,55.7503,38.0042,30.22,98,100,2.82,snow
199,Tovuz,AZ,40.9922,45.6289,43.59,87,99,2.82,overcast clouds
200,Snezhnogorsk,RU,69.1933,33.2531,26.38,98,100,6.87,overcast clouds
201,Bandiagara,ML,14.3501,-3.6104,81.12,14,78,9.8,broken clouds
202,Halifax,CA,44.6453,-63.5724,46.89,61,75,4.0,broken clouds
203,Bosaso,SO,11.2842,49.1816,74.07,69,0,6.29,clear sky
204,Faanui,PF,-16.4833,-151.75,81.46,71,75,13.85,broken clouds
205,Huilong,CN,31.8111,121.655,46.04,66,3,5.99,clear sky
206,Bubaque,GW,11.2833,-15.8333,81.5,66,96,14.18,overcast clouds
207,Pampa,US,35.5362,-100.9599,73.94,18,1,17.27,clear sky
208,Sankheda,IN,22.1667,73.5833,68.16,56,0,3.8,clear sky
209,Nome,US,64.5011,-165.4064,-5.73,54,1,8.05,clear sky
210,College,US,64.8569,-147.8028,-29.54,71,40,0.0,mist
211,Sisimiut,GL,66.9395,-53.6735,14.58,76,71,9.89,broken clouds
212,Show Low,US,34.2542,-110.0298,58.71,29,1,20.71,clear sky
213,Tobe,JP,33.7447,132.7901,38.66,73,5,4.36,clear sky
214,Kharp,RU,66.8014,65.8081,6.12,97,100,3.11,overcast clouds
215,Lata,PT,40.1629,-8.3327,59.41,77,1,4.92,clear sky
216,Taoudenni,ML,22.6783,-3.9836,69.35,24,99,11.05,overcast clouds
217,Wagga Wagga,AU,-35.1167,147.3667,69.6,82,95,3.44,overcast clouds
218,Sinnamary,GF,5.3833,-52.95,78.22,88,100,11.21,overcast clouds
219,Bundaberg,AU,-24.85,152.35,80.22,64,21,5.99,few clouds
220,Tabas,IR,33.5959,56.9244,46.83,39,0,2.48,clear sky
221,Hachinohe,JP,40.5,141.5,37.81,69,7,13.91,clear sky
222,Paramonga,PE,-10.6667,-77.8333,71.6,76,40,11.27,scattered clouds
223,Hervey Bay,AU,-25.2986,152.8535,80.04,81,7,3.0,clear sky
224,Yaguajay,CU,22.3272,-79.2378,79.65,72,27,17.54,scattered clouds
225,Lurgan,GB,54.4608,-6.3294,41.02,93,100,6.02,overcast clouds
226,Touros,BR,-5.1989,-35.4608,85.1,74,81,13.35,broken clouds
227,Evensk,RU,61.95,159.2333,6.17,75,100,35.12,overcast clouds
228,Bathsheba,BB,13.2167,-59.5167,83.01,74,40,20.71,scattered clouds
229,Ternate,ID,0.8,127.4,81.07,82,100,9.35,overcast clouds
230,Turkistan,KZ,43.0,68.0,40.87,84,100,0.45,light rain
231,Bengkulu,ID,-3.8004,102.2655,75.2,89,50,3.31,scattered clouds
232,Morgantown,US,39.6295,-79.9559,51.1,40,1,10.36,clear sky
233,Olafsvik,IS,64.8945,-23.7142,38.75,93,100,18.05,overcast clouds
234,Provideniya,RU,64.3833,-173.3,-3.89,71,90,22.37,overcast clouds
235,Karratha,AU,-20.7377,116.8463,80.06,39,8,15.7,clear sky
236,Saint-Philippe,RE,-21.3585,55.7679,74.79,82,27,11.83,light rain
237,Picos,BR,-7.0769,-41.4669,91.8,31,85,5.46,overcast clouds
238,Amahai,ID,-3.3333,128.9167,78.8,83,74,3.51,broken clouds
239,Requena,ES,39.4883,-1.1004,45.72,73,0,1.5,clear sky
240,Tiksi,RU,71.6872,128.8694,-27.63,100,90,0.87,overcast clouds
241,Yulara,AU,-25.2406,130.9889,73.24,46,93,6.91,overcast clouds
242,Marrakesh,MA,31.6315,-8.0083,64.47,36,75,8.05,broken clouds
243,Chuy,UY,-33.6971,-53.4616,72.39,79,100,11.45,overcast clouds
244,Yar-Sale,RU,66.8333,70.8333,3.24,96,100,15.43,overcast clouds
245,Mbuji-Mayi,CD,-6.15,23.6,70.57,97,100,3.18,moderate rain
246,Ilulissat,GL,69.2167,-51.1,3.29,81,41,2.37,scattered clouds
247,Tall Kayf,TR,37.0833,41.0667,55.38,26,65,4.41,broken clouds
248,Layou,VC,13.2,-61.2667,81.88,83,75,14.97,broken clouds
249,Maceio,BR,-9.6658,-35.7353,81.84,78,75,17.27,broken clouds
250,Olga,RU,43.7444,135.2892,17.49,52,0,4.18,clear sky
251,Ahipara,NZ,-35.1667,173.1667,68.31,88,100,13.33,light rain
252,Primorsko-Akhtarsk,RU,46.0497,38.1747,40.41,80,100,11.48,overcast clouds
253,Buin,CL,-33.7333,-70.75,80.06,26,2,14.92,clear sky
254,Kununurra,AU,-15.7667,128.7333,80.58,78,65,4.61,broken clouds
255,Safranbolu,TR,41.2508,32.6942,46.29,80,100,1.21,overcast clouds
256,Polunochnoye,RU,60.8697,60.4153,17.38,90,100,3.51,overcast clouds
257,Atherton,GB,53.5237,-2.4935,47.28,94,100,0.27,moderate rain
258,Cabedelo,BR,-6.9811,-34.8339,83.07,77,94,12.46,overcast clouds
259,Clarence Town,AU,-32.5833,151.7833,69.35,76,50,2.13,scattered clouds
260,Gulu,UG,2.7746,32.299,74.89,38,86,2.42,overcast clouds
261,Isiro,CD,2.7739,27.616,68.29,59,99,1.61,overcast clouds
262,Leningradskiy,RU,69.3833,178.4167,-33.83,90,12,4.25,few clouds
263,Epiniana,GR,39.1429,21.6134,33.51,92,53,3.87,broken clouds
264,Kruisfontein,ZA,-34.0033,24.7314,62.89,93,80,11.79,light rain
265,Sur,OM,22.5667,59.5289,72.0,53,0,8.14,clear sky
266,Cubuk,TR,40.2386,33.0322,46.76,75,75,1.14,broken clouds
267,Praya,CV,14.9215,-23.5087,73.94,78,0,23.02,clear sky
268,Contamana,PE,-7.3333,-75.0167,91.99,43,89,7.58,overcast clouds
269,Puerto Ayora,EC,-0.7393,-90.3518,76.96,91,100,4.0,overcast clouds
270,Beaverlodge,CA,55.2166,-119.4361,2.55,84,100,4.03,overcast clouds
271,Soyo,AO,-6.1349,12.3689,78.71,86,85,2.86,overcast clouds
272,Zavodskoy,RU,43.4597,132.2922,17.82,76,0,2.62,clear sky
273,Lahij,YE,13.1667,44.5833,68.09,59,1,4.68,clear sky
274,Riyadh,SA,24.6877,46.7219,50.14,18,74,2.71,broken clouds
275,Nara,JP,34.6851,135.8049,43.88,73,1,1.52,clear sky
276,High Level,CA,58.5169,-117.136,-9.29,84,20,0.0,few clouds
277,Bethel,US,41.3712,-73.414,52.65,40,0,1.01,clear sky
278,El Alto,PE,-4.2714,-81.2147,76.66,75,75,10.78,broken clouds
279,Asyut,EG,27.181,31.1837,62.78,56,66,7.45,broken clouds
280,Yele,CM,10.7323,13.5891,67.82,26,73,4.43,broken clouds
281,Komsomolskiy,UZ,40.4272,71.7189,36.82,55,100,4.61,haze
282,Sao Joao Da Barra,BR,-21.6403,-41.0511,82.49,92,100,13.47,moderate rain
283,Santa Isabel Do Rio Negro,BR,-0.4139,-65.0192,79.43,95,100,2.57,overcast clouds
284,Iquique,CL,-20.2208,-70.1431,69.84,75,24,9.22,few clouds
285,Lumeje,AO,-11.55,20.7833,66.34,90,100,5.01,overcast clouds
286,Henties Bay,NA,-22.116,14.2845,61.86,90,0,7.34,clear sky
287,Komarikhinskiy,RU,58.0979,57.1163,14.99,84,100,7.05,overcast clouds
288,Paamiut,GL,61.994,-49.6678,24.78,74,75,7.99,broken clouds
289,Saint Pete Beach,US,27.7253,-82.7412,84.34,70,1,3.0,clear sky
290,Gamovo,RU,57.8652,56.1056,15.42,67,0,11.18,clear sky
291,Labuhan,ID,-6.8844,112.2051,78.12,83,40,10.27,moderate rain
292,Kushima,JP,31.4583,131.2333,40.12,74,2,7.36,clear sky
293,Iqaluit,CA,63.7506,-68.5145,-4.27,70,90,20.0,overcast clouds
294,Bela,IN,25.9333,81.9833,56.66,52,0,3.27,clear sky
295,Mapiri,BO,-15.25,-68.1667,82.42,74,96,1.79,overcast clouds
296,Bogovarovo,RU,58.9785,47.0246,23.65,94,100,10.54,light snow
297,Winneba,GH,5.3511,-0.6231,82.87,85,47,8.16,scattered clouds
298,Pacific Grove,US,36.6177,-121.9166,56.37,88,100,5.99,moderate rain
299,Sorland,NO,67.667,12.6934,39.27,93,100,33.11,overcast clouds
300,Bereda,ES,43.2686,-7.5406,49.75,100,16,0.69,few clouds
301,Dudinka,RU,69.4058,86.1778,-30.3,96,81,7.67,broken clouds
302,Rio Do Sul,BR,-27.2142,-49.6431,76.91,82,78,0.22,broken clouds
303,Melsungen,DE,51.1333,9.55,44.29,93,75,2.3,broken clouds
304,Port Hardy,CA,50.6996,-127.4199,41.0,87,75,11.5,broken clouds
305,Viedma,AR,-40.8135,-62.9967,70.7,36,63,14.97,broken clouds
306,Asau,RO,46.4333,26.4,33.96,78,99,1.92,overcast clouds
307,Abu Samrah,SY,35.3029,37.1841,59.23,43,100,5.12,overcast clouds
308,Pocosol,CR,10.3667,-84.6167,81.5,91,97,8.66,overcast clouds
309,Souillac,MU,-20.5167,57.5167,75.58,83,75,3.44,light rain
310,Ponta Delgada,PT,37.7333,-25.6667,57.51,76,40,11.5,scattered clouds
311,Ilhabela,BR,-23.7781,-45.3581,76.06,88,100,1.7,overcast clouds
312,Orlik,RU,52.5178,99.825,-2.88,94,100,2.77,overcast clouds
313,Kieta,PG,-6.2167,155.6333,82.13,78,82,1.68,light rain
314,Constancia,MX,24.2231,-107.1869,86.22,35,5,7.99,clear sky
315,Almaznyy,RU,48.0448,40.045,35.74,86,99,16.49,overcast clouds
316,Bonavista,CA,48.6499,-53.1147,41.11,71,37,27.85,scattered clouds
317,Dingle,PH,10.9995,122.6711,75.69,90,100,9.95,overcast clouds
318,Airai,TL,-8.9266,125.4092,59.13,78,10,2.15,clear sky
319,Lanxi,CN,29.2195,119.477,44.87,77,13,3.11,few clouds
320,Saint-Joseph,RE,-21.3667,55.6167,73.78,80,13,10.78,few clouds
321,Taltal,CL,-25.4,-70.4833,66.45,69,4,8.79,clear sky
322,Ulaanbaatar,MN,47.9077,106.8832,-14.67,76,0,2.24,clear sky
323,Minab,IR,27.1467,57.0801,60.3,22,10,8.81,clear sky
324,Norman Wells,CA,65.282,-126.8329,-9.36,70,20,13.8,few clouds
325,Diego De Almagro,CL,-26.3667,-70.05,75.42,24,0,12.46,clear sky
326,Hobyo,SO,5.3505,48.5268,78.42,79,26,21.34,scattered clouds
327,Lazaro Cardenas,MX,17.9583,-102.2,84.24,64,0,10.11,clear sky
328,Mindelo,CV,16.8901,-24.9804,72.95,73,40,29.93,scattered clouds
329,Acapulco,MX,16.8634,-99.8901,85.1,61,3,8.55,clear sky
330,Galle,LK,6.0367,80.217,76.24,85,100,3.65,overcast clouds
331,Karaton,ID,-6.3424,106.1045,77.16,93,51,4.38,broken clouds
332,Romodanovo,RU,54.4275,45.3296,26.28,63,100,11.95,overcast clouds
333,Itarema,BR,-2.9248,-39.9167,81.09,76,99,16.35,overcast clouds
334,Huarmey,PE,-10.0681,-78.1522,73.0,74,41,11.34,scattered clouds
335,Osa,RU,57.2829,55.4567,16.21,82,100,9.17,overcast clouds
336,Barranca,PE,-10.75,-77.7667,71.53,73,40,11.83,scattered clouds
337,Arys,KZ,42.4252,68.795,43.02,87,100,3.69,overcast clouds
338,Wabrzezno,PL,53.2799,18.9477,33.1,97,100,5.37,overcast clouds
339,Burriana,ES,39.889,-0.085,54.82,87,0,3.11,clear sky
340,Codrington,AU,-38.2667,141.9667,57.69,72,63,4.68,broken clouds
341,Mogadishu,SO,2.0371,45.3438,79.97,82,16,19.71,few clouds
342,Pouebo,NC,-20.4,164.5667,79.14,95,100,33.78,very heavy rain
343,Conde,BR,-7.2597,-34.9075,81.86,78,75,9.22,broken clouds
344,Lilongwe,MW,-13.9669,33.7873,74.91,53,0,4.97,clear sky
345,Kalmunai,LK,7.4167,81.8167,76.91,86,99,6.96,moderate rain
346,Novo Aripuana,BR,-5.1206,-60.3797,79.41,82,99,3.65,overcast clouds
347,Moose Factory,CA,51.2585,-80.6094,19.4,73,90,10.36,overcast clouds
348,Vostok,RU,46.4856,135.8833,-2.38,95,95,5.37,overcast clouds
349,Katobu,ID,-4.9408,122.5276,75.78,93,40,2.28,scattered clouds
350,Anqing,CN,30.5092,117.0506,48.02,65,86,2.62,overcast clouds
351,Pontian Kecil,MY,1.4801,103.3899,78.93,90,100,6.98,overcast clouds
352,Shima,CN,24.4478,117.8111,63.21,81,5,2.48,clear sky
353,Lompoc,US,34.6391,-120.4579,58.08,89,90,8.05,overcast clouds
354,Horsham,GB,51.064,-0.3272,50.59,75,75,5.75,broken clouds
355,Skjervoy,NO,70.0311,20.9714,34.88,73,6,15.73,clear sky
356,Bairiki,KI,1.3292,172.9752,80.6,78,40,9.22,scattered clouds
357,Yumen,CN,40.2833,97.2,20.05,37,11,18.19,few clouds
358,Roald,NO,62.5833,6.1333,45.34,70,75,25.32,broken clouds
359,Kozhevnikovo,RU,56.2589,83.9714,-0.74,97,98,4.21,overcast clouds
360,Saint-Augustin,CA,51.226,-58.6502,23.32,64,36,19.04,scattered clouds
361,Notodden,NO,59.5594,9.2585,35.74,94,100,2.42,overcast clouds
362,Vershino-Darasunskiy,RU,52.35,115.5167,-5.48,96,12,3.89,few clouds
363,Mersing,MY,2.4312,103.8405,78.71,83,94,13.8,overcast clouds
364,Pisco,PE,-13.7,-76.2167,75.25,64,0,16.11,clear sky
365,Sechura,PE,-5.5569,-80.8222,75.33,66,75,14.18,broken clouds
366,Meulaboh,ID,4.1363,96.1285,76.03,90,57,3.04,broken clouds
367,Guerrero Negro,MX,27.9769,-114.0611,66.83,57,99,8.48,overcast clouds
368,Pincher Creek,CA,49.4833,-113.952,30.13,73,75,8.05,broken clouds
369,Teeli,RU,51.0333,90.2333,2.25,95,100,1.59,overcast clouds
370,Ugoofaaru,MV,5.6667,73.0,79.95,78,100,8.84,overcast clouds
371,Dong Hoi,VN,17.4833,106.6,65.23,90,100,9.4,overcast clouds
372,Taquarituba,BR,-23.5331,-49.2444,77.68,62,100,7.65,overcast clouds
373,Xuddur,SO,4.1213,43.8894,78.15,50,77,11.77,broken clouds
374,Basoko,CD,1.2391,23.616,76.8,73,92,1.83,overcast clouds
375,Buluang,PH,13.3068,123.3425,73.65,91,69,4.18,broken clouds
376,Hofn,IS,64.2539,-15.2082,36.34,65,79,4.85,broken clouds
377,Nago,JP,26.5881,127.9761,64.56,68,44,8.41,scattered clouds
378,Chagoda,RU,59.164,35.3285,29.32,92,97,6.49,overcast clouds
379,Santa Cruz,BO,-17.8,-63.1667,84.25,70,75,14.97,broken clouds
380,Saint-Georges,GD,12.0564,-61.7485,78.48,89,75,13.8,broken clouds
381,San Policarpo,PH,12.1791,125.5072,79.54,74,100,16.8,overcast clouds
382,Namtsy,RU,62.7161,129.6658,-30.89,98,46,5.06,scattered clouds
383,Tuatapere,NZ,-46.1333,167.6833,58.82,65,36,4.29,scattered clouds
384,Cherskiy,RU,68.75,161.3,-19.95,88,100,4.65,overcast clouds
385,Adelaide,AU,-34.9333,138.6,60.17,76,20,3.44,few clouds
386,Verkh-Suetka,RU,53.3,80.05,-7.11,100,84,5.1,broken clouds
387,Ban Nahin,LA,18.2418,104.2122,55.81,95,4,4.23,clear sky
388,Baoqing,CN,46.3317,132.2111,6.96,87,15,5.08,few clouds
389,Orlovskiy,RU,46.8714,42.0592,32.68,85,74,21.59,broken clouds
390,Daru,PG,-9.0763,143.2092,76.14,94,99,10.27,light rain
391,Arlit,NE,18.7369,7.3853,69.39,10,8,7.45,clear sky
392,Genhe,CN,50.7833,121.5167,-1.82,100,100,0.87,overcast clouds
393,Gainesville,US,29.6516,-82.3248,78.71,77,90,8.05,overcast clouds
394,Fairbanks,US,64.8378,-147.7164,-30.41,70,1,0.0,mist
395,Kilimatinde,TZ,-5.85,34.95,68.22,79,41,2.06,light rain
396,Izyum,UA,49.2088,37.2485,32.13,86,100,9.28,overcast clouds
397,Mazyr,BY,52.0495,29.2456,34.25,99,100,5.93,overcast clouds
398,Flagstaff,US,35.1981,-111.6513,51.53,48,1,1.01,clear sky
399,Port Lincoln,AU,-34.7333,135.8667,58.39,73,83,10.25,broken clouds
400,Hualmay,PE,-11.0964,-77.6139,72.59,73,55,12.41,broken clouds
401,Ranong,TH,9.9658,98.6348,73.49,89,56,4.32,broken clouds
402,Washougal,US,45.5826,-122.3534,44.46,94,90,4.61,overcast clouds
403,Ypsonas,CY,34.6884,32.9574,65.37,82,90,4.61,overcast clouds
404,Chernyshevskiy,RU,63.0128,112.4714,-43.53,100,84,2.35,broken clouds
405,Lasa,IT,46.6166,10.7002,41.88,75,16,5.55,few clouds
406,Hay River,CA,60.8156,-115.7999,-0.42,78,75,16.11,light snow
407,Seoul,KR,37.5683,126.9778,35.04,60,75,4.61,broken clouds
408,Afsin,TR,38.2477,36.914,43.59,67,100,2.1,overcast clouds
409,Vao,NC,-22.6667,167.4833,76.44,92,100,18.79,moderate rain
410,Ust-Ishim,RU,57.6935,71.1665,-4.99,100,100,1.48,overcast clouds
411,San Jose,US,37.3394,-121.895,59.76,89,90,5.99,mist
412,Weligama,LK,5.9667,80.4167,75.11,86,100,6.58,overcast clouds
413,Hami,CN,42.8,93.45,23.43,46,11,2.84,few clouds
414,Novobirilyussy,RU,56.9514,90.6661,-1.79,99,100,1.88,overcast clouds
415,Bama,NG,11.5221,13.6856,72.48,21,23,8.28,few clouds
416,Chengde,CN,40.9725,117.9361,20.46,38,0,2.93,clear sky
417,Naze,JP,28.3667,129.4833,56.95,62,43,7.83,scattered clouds
418,Moyale,KE,3.5167,39.0584,68.77,64,86,5.5,overcast clouds
419,Ancud,CL,-41.8697,-73.8203,60.42,68,54,9.98,broken clouds
420,Vardo,NO,70.3705,31.1107,35.58,93,75,14.97,broken clouds
421,Yelizovo,RU,53.1873,158.3805,17.74,72,0,4.0,clear sky
422,Mehamn,NO,71.0357,27.8492,39.38,80,75,13.8,broken clouds
423,Boali,CF,4.8005,18.1275,82.27,34,45,2.57,scattered clouds
424,Foz,ES,43.5692,-7.2544,52.93,86,28,3.42,scattered clouds
425,Qinhuangdao,CN,39.9317,119.5883,29.12,56,0,9.1,clear sky
426,Takoradi,GH,4.8845,-1.7554,80.76,85,64,9.15,broken clouds
427,Saldanha,ZA,-33.0117,17.9442,64.45,83,1,25.57,clear sky
428,Ampanihy,MG,-24.7,44.75,84.87,42,95,13.42,overcast clouds
429,Berlevag,NO,70.8578,29.0864,35.6,80,90,12.66,overcast clouds
430,Mucurapo,TT,10.6667,-61.5333,82.45,81,92,1.01,overcast clouds
431,Panguna,PG,-6.3164,155.4848,74.59,84,69,0.6,broken clouds
432,Tovarkovskiy,RU,53.6822,38.2092,26.51,84,100,5.66,overcast clouds
433,Ayan,RU,56.45,138.1667,0.93,72,18,15.23,few clouds
434,Mulchen,CL,-37.7167,-72.2333,73.26,24,23,6.62,few clouds
435,Klaksvik,FO,62.2266,-6.589,43.72,77,25,29.37,scattered clouds
436,Durban,ZA,-29.8579,31.0292,78.03,60,94,4.0,light rain
437,Ngaoundere,CM,7.3167,13.5833,70.41,26,99,3.76,overcast clouds
438,San Cristobal,VE,7.7669,-72.225,77.18,62,55,4.76,broken clouds
439,Mazamari,PE,-11.3258,-74.5308,79.95,92,100,1.45,overcast clouds
440,Ribas Do Rio Pardo,BR,-20.4431,-53.7592,73.45,91,100,5.79,overcast clouds
441,Uzhur,RU,55.3036,89.8339,5.2,96,100,3.04,overcast clouds
442,Paita,PE,-5.0892,-81.1144,79.36,76,63,14.5,broken clouds
443,Talara,PE,-4.5772,-81.2719,79.56,61,0,10.36,clear sky
444,Severnoye,RU,56.3491,78.3619,0.37,98,97,4.52,overcast clouds
445,Dicabisagan,PH,17.0818,122.4157,73.96,79,99,8.23,overcast clouds
446,Matara,LK,5.9485,80.5353,75.49,86,100,9.17,overcast clouds
447,Beni Suef,EG,29.0731,31.0979,62.08,62,73,7.9,broken clouds
448,Manokwari,ID,-0.8667,134.0833,79.54,77,100,3.02,overcast clouds
449,Anadyr,RU,64.75,177.4833,3.7,78,100,24.61,overcast clouds
450,Belyy Yar,RU,53.6039,91.3903,9.86,88,75,0.0,shower snow
451,Middlebury,US,44.0153,-73.1673,48.06,46,1,3.0,clear sky
452,Swan River,CA,52.1058,-101.2676,21.09,93,13,9.22,few clouds
453,Indramayu,ID,-6.3264,108.32,80.47,79,100,2.19,overcast clouds
454,Solwezi,ZM,-12.1688,26.3894,62.42,87,76,4.59,broken clouds
455,Oeiras,BR,-7.0253,-42.1311,90.43,32,100,0.83,overcast clouds
456,Mahalapye,BW,-23.1041,26.8142,68.76,78,71,7.4,broken clouds
457,Kamaishi,JP,39.2667,141.8833,37.89,72,48,8.99,scattered clouds
458,Pitimbu,BR,-7.4706,-34.8086,82.99,75,83,11.32,broken clouds
459,Vlagtwedde,NL,53.0275,7.1083,48.97,94,100,9.71,overcast clouds
460,Novovarshavka,RU,54.1721,74.6946,0.61,100,85,6.38,overcast clouds
461,Lae,PG,-6.7221,146.9847,78.46,88,93,4.45,overcast clouds
462,Finschhafen,PG,-6.6024,147.8681,81.91,78,97,5.01,overcast clouds
463,Morondava,MG,-20.2833,44.2833,76.51,87,65,8.14,light rain
464,Poya,NC,-21.35,165.15,77.18,95,100,15.46,moderate rain
465,Salalah,OM,17.0151,54.0924,70.23,49,0,9.01,clear sky
466,Guarapari,BR,-20.6667,-40.4975,78.69,94,100,9.44,light rain
467,Nortelandia,BR,-14.4547,-56.8028,79.18,82,85,7.47,overcast clouds
468,Pokhara,NP,28.2333,83.9833,53.1,43,57,4.68,broken clouds
469,San Juan,AR,-31.5375,-68.5364,80.89,26,11,7.81,few clouds
470,Irsha,RU,55.9269,94.7911,-0.44,98,100,1.45,overcast clouds
471,Kautokeino,NO,69.0125,23.0412,18.37,96,100,1.63,overcast clouds
472,Beloha,MG,-25.1667,45.05,76.66,71,74,10.54,broken clouds
473,Springbok,ZA,-29.6643,17.8865,56.71,76,35,7.58,scattered clouds
474,San Felipe,VE,10.3399,-68.7425,80.91,64,95,8.88,overcast clouds
475,Makakilo City,US,21.3469,-158.0858,79.61,66,96,18.9,overcast clouds
476,Lavrentiya,RU,65.5833,-171.0,-11.45,80,100,11.21,overcast clouds
477,Soria,ES,41.6667,-2.6667,36.86,66,0,2.64,clear sky
478,Liusha,CN,27.2098,108.59,44.92,86,100,1.7,overcast clouds
479,Kashi,CN,39.4547,75.9797,24.01,58,40,4.47,scattered clouds
480,Alvaraes,BR,-3.2208,-64.8042,85.87,92,100,3.58,overcast clouds
481,Goderich,CA,43.7501,-81.7165,45.91,65,8,13.8,clear sky
482,Boffa,GN,10.1667,-14.0333,80.51,70,64,3.4,broken clouds
483,Fuerte Olimpo,PY,-21.0415,-57.8738,83.35,78,98,5.28,heavy intensity rain
484,Saint-Avold,FR,49.1027,6.7006,44.33,95,8,3.87,clear sky
485,Ust-Kulom,RU,61.6864,53.6902,20.53,90,100,8.05,overcast clouds
486,Druzhba,UA,52.0428,33.9453,32.61,72,100,3.04,overcast clouds
487,Booue,GA,-0.0921,11.9385,75.6,91,92,2.28,overcast clouds
488,Faya,SA,18.3851,42.4509,53.71,31,10,0.29,clear sky
489,Gbarnga,LR,6.9956,-9.4722,75.69,87,21,4.18,few clouds
490,Awbari,LY,26.5921,12.7805,49.71,53,0,6.24,clear sky
491,Nyurba,RU,63.2842,118.3319,-38.94,99,81,2.98,broken clouds
492,Macae,BR,-22.3708,-41.7869,85.87,94,75,3.44,mist
493,Winnipeg,CA,49.8844,-97.147,26.58,77,75,1.14,broken clouds
494,Naryan-Mar,RU,67.6713,53.087,11.48,96,100,8.68,overcast clouds
495,The Valley,AI,18.217,-63.0578,82.54,74,40,16.11,scattered clouds
496,Half Moon Bay,US,37.4636,-122.4286,59.79,88,75,4.0,mist
497,Peddapalli,IN,18.6167,79.3667,65.05,54,100,3.98,overcast clouds
498,Muli,MV,2.9167,73.5667,79.34,85,100,15.86,light rain
499,Sironko,UG,1.2313,34.2477,68.7,63,84,3.02,broken clouds
500,Santa Rosa,PH,14.3122,121.1114,77.11,76,49,15.12,scattered clouds
501,Muana,BR,-1.5283,-49.2167,82.6,73,100,5.06,overcast clouds
502,Nahavand,IR,34.1885,48.377,43.48,25,100,2.68,overcast clouds
503,Charqueadas,BR,-29.9547,-51.6253,89.46,63,98,2.08,overcast clouds
504,Khategaon,IN,22.6,76.9167,61.97,67,0,5.37,clear sky
505,Alihe,CN,50.5667,123.7167,2.53,96,100,1.5,overcast clouds
506,Key West,US,24.5557,-81.7826,81.0,81,10,17.45,clear sky
507,Kunming,CN,25.0389,102.7183,42.73,100,0,11.18,clear sky
508,Makaha,US,21.4694,-158.2175,80.98,65,94,12.55,overcast clouds
509,Ginir,ET,7.1333,40.7,56.71,62,97,4.54,overcast clouds
510,Barinas,VE,8.6226,-70.2075,91.44,43,62,5.75,broken clouds
511,Mata,PT,40.683,-7.4592,46.8,82,1,4.27,clear sky
512,Selma,US,36.5708,-119.6121,56.23,69,100,11.81,overcast clouds
513,Pahalgam,IN,34.0333,75.3333,22.82,65,100,7.7,overcast clouds
514,Cotonou,BJ,6.3654,2.4183,84.18,84,40,12.66,scattered clouds
515,Petropavlovsk-Kamchatskiy,RU,53.0452,158.6483,16.39,73,0,4.47,clear sky
516,Gillette,US,44.2911,-105.5022,46.24,49,77,23.58,broken clouds
517,Kyren,RU,51.6828,102.1408,2.43,94,98,1.48,overcast clouds
518,Molteno,ZA,-31.3968,26.3625,58.48,87,100,7.56,overcast clouds
519,Lewisville,US,33.0462,-96.9942,72.86,36,1,1.99,clear sky
520,Tottori,JP,35.5,134.2333,39.22,76,0,6.53,clear sky
521,Yantal,RU,56.8471,105.2542,-33.07,100,47,1.77,scattered clouds
522,Dandong,CN,40.1292,124.3947,27.32,87,99,5.06,overcast clouds
523,Zverinogolovskoye,RU,54.4586,64.8542,4.19,92,100,5.46,overcast clouds
524,Kajaani,FI,64.2273,27.7285,30.25,100,75,6.91,light snow
525,Hovd,MN,48.0056,91.6419,8.11,75,83,4.85,broken clouds
526,Olinda,BR,-8.0089,-34.8553,74.93,94,75,5.75,mist
527,Eydhafushi,MV,5.1033,73.0708,79.38,82,100,17.02,overcast clouds
528,Iwanai,JP,42.9744,140.5089,34.07,67,100,19.51,overcast clouds
529,Karlovac,HR,45.4872,15.5478,43.02,89,100,1.68,overcast clouds
530,Novospasskoye,RU,53.1468,47.7514,24.03,64,100,8.48,overcast clouds
531,Skelleftea,SE,64.7507,20.9528,15.01,69,90,1.14,overcast clouds
532,Lufilufi,WS,-13.8745,-171.5986,83.98,70,29,10.54,scattered clouds
533,Townsville,AU,-19.25,146.8,79.68,69,22,5.75,few clouds
534,Vila Velha,BR,-20.3297,-40.2925,78.75,89,75,13.0,broken clouds
535,Pati,ID,-6.7559,111.038,74.66,92,89,4.43,moderate rain
536,Gorontalo,ID,0.5412,123.0595,75.29,95,96,4.23,overcast clouds
537,Birjand,IR,32.8663,59.2211,28.87,46,0,6.91,clear sky
538,Alekseyevsk,RU,57.8406,108.3492,-47.25,100,58,0.76,broken clouds
539,Kushiro,JP,42.975,144.3747,32.58,60,0,18.68,clear sky
540,Andrelandia,BR,-21.7397,-44.3092,66.49,98,100,1.07,overcast clouds
541,Sola,VU,-13.8833,167.55,81.19,77,100,10.09,very heavy rain
542,Nouadhibou,MR,20.931,-17.0347,67.98,64,4,14.97,clear sky
543,Anchorage,US,61.2181,-149.9003,3.27,78,40,3.44,fog
544,Makat,KZ,47.6469,53.3463,26.13,54,0,8.59,clear sky
545,La Rioja,ES,42.25,-2.5,38.48,47,0,4.81,clear sky
546,Diffa,NE,13.3154,12.6113,73.99,13,83,9.37,broken clouds
547,Nizhniy Kuranakh,RU,58.8353,125.4869,-11.16,96,100,6.8,overcast clouds
548,Lookan,PH,5.037,120.1027,80.65,82,93,3.33,overcast clouds
549,Aste,IT,45.7906,11.0961,36.07,82,2,3.02,clear sky
550,Khorramshahr,IR,30.4397,48.1664,49.96,71,0,2.3,clear sky
551,Sarangani,PH,5.4033,125.4636,81.95,78,57,5.01,broken clouds
552,Tiznit,MA,29.5833,-9.5,59.25,43,72,5.86,broken clouds
553,Kutum,SD,14.2,24.6667,69.44,27,83,6.82,broken clouds
554,Taunggyi,MM,20.7833,97.0333,52.74,93,64,0.45,broken clouds
555,Monrovia,LR,6.3005,-10.7969,78.57,82,62,6.98,broken clouds
556,Bud,US,39.447,-86.1758,53.82,44,53,7.43,broken clouds
557,Hudson Bay,CA,52.85,-102.3842,20.71,91,6,2.15,clear sky
558,Sciacca,IT,37.5082,13.0881,50.65,73,1,8.39,clear sky
559,Mamlyutka,KZ,54.9375,68.5394,4.3,97,97,4.59,overcast clouds
560,Sozimskiy,RU,59.7418,52.2482,21.0,86,100,10.13,overcast clouds
561,Oranjestad,AW,12.524,-70.027,84.9,73,20,8.01,few clouds
562,Bahia Blanca,AR,-38.7196,-62.2724,80.71,20,0,5.44,clear sky
563,Colac,AU,-38.3333,143.5833,63.01,75,30,3.69,scattered clouds
564,Troitsko-Pechorsk,RU,62.7084,56.1964,16.68,95,100,8.39,light snow
565,Abrego,CO,8.0807,-73.2205,69.01,80,80,5.73,broken clouds
566,Virginia Beach,US,36.8529,-75.978,57.25,40,1,10.36,clear sky
567,Aksu,CN,41.1231,80.2644,22.82,59,100,1.68,overcast clouds
568,Pryozerne,UA,45.2698,36.3303,50.49,87,100,6.58,overcast clouds
569,Terney,RU,45.0503,136.6092,13.77,66,0,6.98,clear sky
570,Chicama,PE,-7.8447,-79.1469,66.74,66,90,10.65,overcast clouds
571,Saint-Francois,FR,46.4154,3.9054,38.48,94,90,6.91,fog
572,Puerto El Triunfo,SV,13.2833,-88.55,86.77,51,7,9.22,clear sky
573,Dumas,US,35.8656,-101.9732,71.04,13,1,11.5,clear sky
574,Kerugoya,KE,-0.4989,37.2803,57.6,95,56,3.36,broken clouds
575,Comodoro Rivadavia,AR,-45.8667,-67.5,60.66,67,40,20.71,scattered clouds
576,Alvorada,BR,-12.48,-49.1247,76.69,92,100,4.74,moderate rain
577,Mundi,IN,22.0667,76.5,65.66,58,0,6.29,clear sky
578,Berezovyy,RU,51.6667,135.7,-6.29,90,6,5.3,clear sky
579,Macamic,CA,48.7502,-78.9996,37.63,96,100,13.62,overcast clouds
580,Narkanda,IN,31.2548,77.4613,25.43,49,0,4.85,clear sky
581,Billings,US,45.7833,-108.5007,46.51,62,100,1.61,overcast clouds
582,Sikeston,US,36.8767,-89.5879,55.85,58,1,6.91,clear sky
583,Port Hedland,AU,-20.3167,118.5667,78.85,78,26,9.22,scattered clouds
584,Katherine,AU,-14.4667,132.2667,82.72,69,40,5.75,scattered clouds
585,Kokstad,ZA,-30.5472,29.4241,61.63,76,100,8.66,overcast clouds
586,El Tambo,CO,1.4181,-77.3968,67.14,68,40,9.22,light rain
587,Pimenta Bueno,BR,-11.6725,-61.1936,79.92,94,99,4.5,overcast clouds
588,Saint George,US,37.1041,-113.5841,55.54,41,99,4.83,overcast clouds
589,Siddapur,IN,14.3333,74.8833,70.27,78,100,9.8,overcast clouds
590,Ullapool,GB,57.8987,-5.1604,44.35,80,74,12.41,broken clouds
591,Timra,SE,62.487,17.3257,34.68,100,90,4.61,overcast clouds
592,Wajima,JP,37.4,136.9,42.15,69,42,6.2,scattered clouds
593,Fukue,JP,32.6881,128.8419,49.96,65,100,13.53,overcast clouds
594,Aykhal,RU,66.0,111.5,-40.94,100,59,4.12,broken clouds
595,Bogatyye Saby,RU,56.0102,50.4483,21.15,79,100,13.82,overcast clouds
596,Nishihara,JP,26.1842,127.7558,63.68,63,40,8.05,scattered clouds
597,Makinsk,KZ,52.6292,70.4169,-2.67,97,46,5.23,scattered clouds
598,Tabou,CI,4.423,-7.3528,80.35,82,57,6.73,broken clouds
599,Amberley,US,39.2048,-84.428,53.24,40,1,5.01,clear sky
600,Khani,GE,41.9563,42.9566,42.37,37,100,7.96,overcast clouds
601,Simao,CN,22.7886,100.9748,50.63,98,36,1.83,scattered clouds
602,Changji,CN,44.0167,87.3167,18.39,73,94,4.47,smoke
603,Zenzeli,RU,45.9241,47.0474,33.17,69,44,19.57,scattered clouds
604,Marzuq,YE,14.4,46.4667,55.63,46,3,2.66,clear sky
605,Praxedis Guerrero,MX,31.3667,-106.0167,67.42,24,52,6.82,broken clouds
606,Naberera,TZ,-4.2,36.9333,63.97,88,100,6.8,light rain
607,Sychevka,RU,55.8252,34.2736,29.7,90,100,4.23,overcast clouds
608,Scarborough,GB,54.2797,-0.4044,46.53,91,100,3.47,moderate rain
609,Sandane,NO,61.7728,6.215,44.64,87,75,17.27,light rain
610,Eirunepe,BR,-6.6603,-69.8736,82.83,89,100,2.66,overcast clouds
611,Aklavik,CA,68.2191,-135.0107,-18.38,98,100,2.62,overcast clouds
612,Xining,CN,36.6167,101.7667,22.19,30,1,1.43,clear sky
613,Tevriz,RU,57.509,72.4042,-8.1,100,80,2.13,broken clouds
614,Kita,ML,13.0349,-9.4895,80.73,16,31,4.34,scattered clouds
615,Price,US,39.5994,-110.8107,33.4,45,100,3.98,overcast clouds
616,Lumphat,KH,13.4878,106.9816,67.26,82,21,5.19,few clouds
617,Masterton,NZ,-40.9597,175.6575,62.96,100,100,2.17,light rain
618,Totkomlos,HU,46.4167,20.7333,34.14,94,87,3.58,overcast clouds
619,Beringovskiy,RU,63.05,179.3167,13.78,90,100,29.06,light snow
620,Coro,VE,11.4045,-69.6734,82.98,68,71,17.31,broken clouds
621,Pavlovsk,RU,50.4578,40.1081,28.83,76,100,11.97,overcast clouds
622,Trapani,IT,37.8333,12.6667,55.58,77,0,9.08,clear sky
623,Kabin Buri,TH,13.9511,101.7177,68.43,72,5,5.68,clear sky
624,Dakar,SN,14.6937,-17.4441,77.88,72,100,14.25,overcast clouds
625,Champerico,GT,14.3,-91.9167,91.76,65,5,9.51,clear sky
626,Luena,AO,-11.7833,19.9167,63.09,93,99,3.38,overcast clouds
627,Moletai,LT,55.2333,25.4167,26.89,95,91,2.73,overcast clouds
628,Hastings,GB,50.8552,0.5729,50.52,73,100,11.32,overcast clouds
629,Navashino,RU,55.5292,42.2003,25.39,91,100,6.2,light snow
630,Kirovskiy,RU,45.0917,133.5136,6.37,88,5,4.99,clear sky
631,Novonikolayevskiy,RU,50.9738,42.3649,24.78,88,100,1.99,overcast clouds
632,Williams Lake,CA,52.1415,-122.1445,17.22,88,100,2.01,light snow
633,Boyolangu,ID,-8.1181,111.8935,77.2,84,69,3.74,broken clouds
634,Marmande,FR,44.5,0.1667,49.51,88,3,3.18,clear sky
635,Alice Springs,AU,-23.7,133.8833,65.75,55,1,3.44,clear sky
636,Beisfjord,NO,68.3751,17.5988,32.05,79,35,9.86,scattered clouds
637,Ucluelet,CA,48.9329,-125.5528,40.08,90,82,7.52,broken clouds
638,Nikolayevsk-Na-Amure,RU,53.1406,140.73,2.77,99,94,4.63,overcast clouds
639,Mahon,ES,39.8885,4.2658,52.36,93,20,3.44,few clouds
640,Natal,BR,-5.795,-35.2094,81.16,73,84,10.78,broken clouds
641,Kavaratti,IN,10.5669,72.642,81.91,72,100,8.75,overcast clouds
642,Tanabi,BR,-20.6264,-49.6492,76.93,77,99,4.99,overcast clouds
643,Almasu Mare,RO,46.1,23.1333,32.23,98,100,2.84,overcast clouds
644,Murakami,JP,38.2333,139.4833,41.45,72,100,3.69,overcast clouds
645,Sibu,MY,2.3,111.8167,74.17,99,100,4.05,light rain
646,Divnogorsk,RU,55.9594,92.3619,-7.11,98,100,2.8,overcast clouds
647,Hailar,CN,49.2,119.7,3.11,95,59,6.89,broken clouds
648,Kedrovyy,RU,56.1667,91.8167,-8.99,99,100,2.48,overcast clouds
649,Gamba,GA,-2.65,10.0,77.79,90,100,4.54,overcast clouds
650,Alofi,NU,-19.0595,-169.9187,78.22,72,3,7.56,clear sky
651,Nagato,JP,34.3833,131.2,45.52,72,12,8.7,few clouds
652,Meadow Lake,US,34.8014,-106.5436,61.57,23,30,5.19,scattered clouds
653,Turtas,RU,58.9417,69.1325,7.0,96,100,2.98,overcast clouds
654,Kenora,CA,49.8167,-94.4337,33.19,64,20,3.44,few clouds
655,Ambilobe,MG,-13.2,49.05,74.97,76,23,4.12,few clouds
656,Ajdabiya,LY,30.7554,20.2263,61.39,56,83,13.15,broken clouds
657,Qaqortoq,GL,60.7167,-46.0333,39.7,80,100,4.09,overcast clouds
658,Pindi Gheb,PK,33.2402,72.2661,52.12,34,3,4.21,clear sky
659,Cockburn Town,TC,21.4612,-71.1419,79.99,74,5,21.52,clear sky
660,Strezhevoy,RU,60.7333,77.5889,-31.02,100,10,3.62,clear sky
661,Magistralnyy,RU,56.1725,107.4458,-27.65,100,95,2.1,overcast clouds
662,Iralaya,HN,15.0,-83.2333,80.19,78,13,7.87,few clouds
663,Beihai,CN,21.4833,109.1,63.09,79,2,6.58,clear sky
664,Tilichiki,RU,60.4667,166.1,5.16,87,100,18.66,overcast clouds
665,Vadso,NO,70.0744,29.7487,35.55,86,40,9.22,light rain and snow
666,Korla,CN,41.7597,86.1469,22.82,63,100,2.66,overcast clouds
667,Lakes Entrance,AU,-37.8811,147.981,62.17,76,91,4.41,overcast clouds
668,Agaro,ET,7.85,36.65,61.11,55,79,2.57,broken clouds
669,Batamshinskiy,KZ,50.5594,58.2747,12.45,69,36,7.2,scattered clouds
670,Ulaangom,MN,49.9811,92.0667,-3.62,86,100,4.05,overcast clouds
671,Altus,US,34.6381,-99.334,71.67,19,1,1.01,clear sky
672,San-Pedro,CI,4.7485,-6.6363,80.28,84,50,6.87,scattered clouds
673,Qiongshan,CN,20.0058,110.3542,68.38,70,87,9.13,overcast clouds
674,Nanortalik,GL,60.1432,-45.2371,31.39,79,100,5.12,overcast clouds
675,Vilhena,BR,-12.7406,-60.1458,71.82,94,75,17.27,moderate rain
676,Muroto,JP,33.2833,134.15,51.69,61,27,4.79,scattered clouds
677,Mackay,AU,-21.15,149.2,78.67,88,75,8.05,broken clouds
678,Te Anau,NZ,-45.4167,167.7167,58.87,67,100,0.87,overcast clouds
679,Sept-Iles,CA,50.2001,-66.3821,27.12,76,75,3.0,broken clouds
680,North Bend,US,43.4065,-124.2243,42.08,97,90,11.5,mist
681,Camacupa,AO,-12.0167,17.4833,63.28,95,100,3.24,overcast clouds
682,Nioro,GM,13.35,-15.75,81.07,18,28,5.7,scattered clouds
683,Zhigansk,RU,66.7697,123.3711,-30.15,98,94,10.92,overcast clouds
684,Juba,SS,4.8517,31.5825,82.56,33,76,4.18,broken clouds
685,Andenes,NO,69.3143,16.1194,35.58,80,0,14.97,clear sky
686,Zyryanovsk,KZ,49.7386,84.2719,11.39,97,100,1.86,overcast clouds
687,Kaohsiung,TW,22.6163,120.3133,65.03,85,8,1.01,clear sky
688,Luanda,AO,-8.8368,13.2343,77.16,82,85,6.51,overcast clouds
689,Nargana,PA,9.4428,-78.5906,80.98,80,71,13.47,broken clouds
690,Daoukro,CI,7.0591,-3.9631,80.33,51,25,3.36,scattered clouds
691,Anloga,GH,5.7947,0.8973,81.59,85,100,12.97,overcast clouds
692,Egvekinot,RU,66.3167,-179.1667,-13.36,73,100,9.1,overcast clouds
693,Charleston,US,32.7766,-79.9309,68.22,74,1,3.0,clear sky
694,Quatre Cocos,MU,-20.2078,57.7625,75.09,78,27,13.0,light rain
695,Cierna Nad Tisou,SK,48.417,22.0887,33.98,84,35,10.96,scattered clouds
696,Artyom,AZ,40.4723,50.333,48.34,75,100,15.57,overcast clouds
697,Nieuw Amsterdam,SR,5.8833,-55.0833,82.42,82,20,9.22,few clouds
698,Shepsi,RU,44.0361,39.1489,56.5,58,7,1.48,clear sky
699,Segamat,MY,2.5148,102.8158,73.87,86,90,5.88,overcast clouds
700,Verkhnyaya Sinyachikha,RU,57.976,61.6673,19.45,69,100,9.04,overcast clouds
701,Kamina,CD,-8.7386,24.9906,64.33,96,85,3.29,overcast clouds
702,Worthington,US,40.0931,-83.018,51.42,50,1,3.0,clear sky
703,Urazovka,RU,55.4013,45.6186,24.82,81,100,12.03,light snow
704,Beboto,TD,8.2668,16.939,75.67,23,80,3.11,broken clouds
705,Saint-Leu,RE,-21.15,55.2833,74.26,76,4,3.74,light rain
706,Ginda,IN,30.6945,78.4932,38.5,23,0,7.54,clear sky
